Biomass,Porosity,Fixed Carbon Content,Surface Area,Ash Content,Amount of Catalyst,Reference
Corn Cob,4.195707237,1.401836547,2.857673257,2.249157114,1.259140557,
Corn Straw,9.837645361,4.496910254,3.942381058,6.229009636,6.318101349,
Wheat Straw,5.375813738,3.663233245,9.066196577,4.421144066,8.48430155,
Pomelo Peel,6.166059436,4.281265183,6.056374831,4.292461822,5.777417481,
Walnut Shell,5.99249644,1.386530017,9.114407535,8.4644663,3.41944367,
Pepper Straw,2.002781719,8.405708893,4.040408552,1.700977367,4.677204393,
