Biomass,Peak Power Density,Polarization Resistance,Open Circuit Voltage,Discharging Time,Discharging Voltage,Fuel Utilization,Reference
Corn Cob,7.292827339,4.958753187,5.680735445,3.64722479,4.780046648,4,[24]
Corn Straw,2.547637569,1.966646133,1.070205921,9.462933628,3.559345891,2,[23]
Wheat Straw,7.11254094,6.483758801,1.484189501,7.653334573,1.737434736,1,[12]
Pomelo Peel,7.788488431,1.142866542,1.472585152,9.42825573,7.769146978,5,[11]
Walnut Shell,9.887670601,1.52390491,1.229459915,5.105638641,7.498161757,6,[25]
Pepper Straw,3.505293891,9.307994474,2.971482582,6.428458297,7.591176428,2,[27]
